data_path,routine,P,R,F1,S,shd,time,CIT
data/win95pts/data_1000.csv,PC,0.7608695652173914,0.3125,0.44303797468354433,0.17391304347826086,85,6.931766986846924
