data_path,routine,P,R,F1,S,shd,time,CIT
data/win95pts/data_1000.csv,PC,0.9,0.6428571428571429,0.75,0.0,47,1.5076491832733154,759
