data_path,routine,P,R,F1,S,shd,time,CIT
/mnt/disk1/hieupcvp/VerticalCausalDiscovery/data/andes/data_1000.csv,PC,0.19230769230769232,0.029585798816568046,0.05128205128205127,0.8076923076923077,354,73.10120868682861,24090
/mnt/disk1/hieupcvp/VerticalCausalDiscovery/data/diabetes/data_1000.csv,PC,0.16153846153846155,0.03488372093023256,0.05737704918032787,0.8384615384615385,651,402.5260581970215,85078
/mnt/disk1/hieupcvp/VerticalCausalDiscovery/data/link/data_1000.csv,PC,0.2421875,0.027555555555555555,0.04948124501197127,0.7578125,1167,1537.6249277591705,254541
/mnt/disk1/hieupcvp/VerticalCausalDiscovery/data/munin/data_1000.csv,PC,0.2540983606557377,0.11095204008589836,0.15445939212755358,0.7459016393442623,1612,4996.053309202194,541320
../data/win95pts/data_1000.csv,PC,0.3137254901960784,0.2857142857142857,0.29906542056074764,0.20588235294117646,132,8.003349304199219,2850
../data/andes/data_1000.csv,PC,0.19230769230769232,0.029585798816568046,0.05128205128205127,0.3076923076923077,354,71.50953006744385,24090
../data/diabetes/data_1000.csv,PC,0.16153846153846155,0.03488372093023256,0.05737704918032787,0.4,651,397.1074695587158,85078
../data/link/data_1000.csv,PC,0.2421875,0.027555555555555555,0.04948124501197127,0.4140625,1167,1495.9837381839752,254541
../data/munin/data_1000.csv,PC,0.2540983606557377,0.11095204008589836,0.15445939212755358,0.4360655737704918,1612,5017.100221395493,541320
